atomic_number,symbol,name,category,phase,source_page,image_url,original_file,retouched_file,status,description,attribution,license,width,height,license_url,retouch_method,sha256_original,retouched_width,retouched_height,retrieved_date
1,H,Hydrogen,diatomic nonmetal,Gas,https://images-of-elements.com/hydrogen.php,https://images-of-elements.com/hydrogen.jpg,originals/001_H_Hydrogen.jpg,photos/001_H_Hydrogen.png,gas_discharge_photo,Electrically excited hydrogen in a sealed vial; glow is not its ordinary appearance.,Chemical Elements — A Virtual Museum / images-of-elements.com,CC BY 3.0,1108,1108,https://creativecommons.org/licenses/by/3.0/,AI-assisted background replacement; requested light neutral gray #F3F4F4. Not pixel-preserving; consult original for scientific details.,cfc4984e4ef4c4b0bac6d7e6c2a5b566ace851aa91eccebcdc32537e25dc77ea,1254,1254,2026-09-05
2,He,Helium,noble gas,Gas,https://images-of-elements.com/helium.php,https://images-of-elements.com/helium.jpg,originals/002_He_Helium.jpg,photos/002_He_Helium.png,gas_discharge_photo,Electrically excited helium in a sealed vial; glow is not its ordinary appearance.,Chemical Elements — A Virtual Museum / images-of-elements.com,CC BY 3.0,1092,1092,https://creativecommons.org/licenses/by/3.0/,AI-assisted background replacement; requested light neutral gray #F3F4F4. Not pixel-preserving; consult original for scientific details.,1bd7a6e49039d7ff37e788c52c0a212a66e1d96e2504e029556e1959055a171d,1254,1254,2026-09-05
3,Li,Lithium,alkali metal,Solid,https://images-of-elements.com/lithium.php,https://images-of-elements.com/lithium.jpg,originals/003_Li_Lithium.jpg,photos/003_Li_Lithium.png,specimen_photo,Lithium,Chemical Elements — A Virtual Museum / images-of-elements.com,CC BY 3.0,1344,1344,https://creativecommons.org/licenses/by/3.0/,AI-assisted background replacement; requested light neutral gray #F3F4F4. Not pixel-preserving; consult original for scientific details.,0b08869334003f61d6910bd6cfde9ce4892400cbedab6e93c34676eeded21ad3,1254,1254,2026-09-05
4,Be,Beryllium,alkaline earth metal,Solid,https://images-of-elements.com/beryllium.php,https://images-of-elements.com/beryllium.jpg,originals/004_Be_Beryllium.jpg,photos/004_Be_Beryllium.png,specimen_photo,Beryllium,Chemical Elements — A Virtual Museum / images-of-elements.com,CC BY 3.0,856,856,https://creativecommons.org/licenses/by/3.0/,AI-assisted background replacement; requested light neutral gray #F3F4F4. Not pixel-preserving; consult original for scientific details.,d06080f615c022f04965a0b4612ae7c8c62ab2f395d2e0e7a65af160318d3c8f,1254,1254,2026-09-05
5,B,Boron,metalloid,Solid,https://images-of-elements.com/boron.php,https://images-of-elements.com/boron.jpg,originals/005_B_Boron.jpg,photos/005_B_Boron.png,specimen_photo,Boron front,Chemical Elements — A Virtual Museum / images-of-elements.com,CC BY 3.0,1441,1441,https://creativecommons.org/licenses/by/3.0/,AI-assisted background replacement; requested light neutral gray #F3F4F4. Not pixel-preserving; consult original for scientific details.,67d3e8eca1ce90a4fe80217fc4ed732744919f8c6ceb67357070a1dc42f92fb2,1254,1254,2026-09-05
6,C,Carbon,polyatomic nonmetal,Solid,https://images-of-elements.com/carbon.php,https://images-of-elements.com/carbon.jpg,originals/006_C_Carbon.jpg,photos/006_C_Carbon.png,specimen_photo,Carbon as graphite bar.,Chemical Elements — A Virtual Museum / images-of-elements.com,CC BY 3.0,1124,1124,https://creativecommons.org/licenses/by/3.0/,AI-assisted background replacement; requested light neutral gray #F3F4F4. Not pixel-preserving; consult original for scientific details.,21b4bcab543cb6c9b1739a5257c96080919fb71f21268bf3404d86d4f0f2106e,1254,1254,2026-09-05
7,N,Nitrogen,diatomic nonmetal,Gas,https://images-of-elements.com/nitrogen.php,https://images-of-elements.com/nitrogen.jpg,originals/007_N_Nitrogen.jpg,photos/007_N_Nitrogen.png,gas_discharge_photo,Electrically excited nitrogen in a sealed vial; glow is not its ordinary appearance.,Chemical Elements — A Virtual Museum / images-of-elements.com,CC BY 3.0,1080,1080,https://creativecommons.org/licenses/by/3.0/,AI-assisted background replacement; requested light neutral gray #F3F4F4. Not pixel-preserving; consult original for scientific details.,0bc92b744b456d19929323b7317f740bb5b2bc3a6ea9c5ae43eed4bd8e9367b8,1254,1254,2026-09-05
8,O,Oxygen,diatomic nonmetal,Gas,https://images-of-elements.com/oxygen.php,https://images-of-elements.com/oxygen.jpg,originals/008_O_Oxygen.jpg,photos/008_O_Oxygen.png,gas_discharge_photo,Electrically excited oxygen in a sealed vial; glow is not its ordinary appearance.,Chemical Elements — A Virtual Museum / images-of-elements.com,CC BY 3.0,1036,1036,https://creativecommons.org/licenses/by/3.0/,AI-assisted background replacement; requested light neutral gray #F3F4F4. Not pixel-preserving; consult original for scientific details.,e8344628d2a8ac7b84986d5257aef27a185e3f9ae06d1ed53c9f915aa96261a6,1254,1254,2026-09-05
9,F,Fluorine,diatomic nonmetal,Gas,https://images-of-elements.com/fluorine.php,,,,no_sample_photo,"Source shows a compound or application, not a visible elemental specimen; excluded.",,,0,0,,,,0,0,2026-09-05
10,Ne,Neon,noble gas,Gas,https://images-of-elements.com/neon.php,https://images-of-elements.com/neon.jpg,originals/010_Ne_Neon.jpg,photos/010_Ne_Neon.png,gas_discharge_photo,Electrically excited neon in a sealed vial; glow is not its ordinary appearance.,Chemical Elements — A Virtual Museum / images-of-elements.com,CC BY 3.0,1216,1216,https://creativecommons.org/licenses/by/3.0/,AI-assisted background replacement; requested light neutral gray #F3F4F4. Not pixel-preserving; consult original for scientific details.,3b0dc368680841beeb010e592bf844889f9dc4c1a3b07fb66ca6a72a5e53b44d,1254,1254,2026-09-05
11,Na,Sodium,alkali metal,Solid,https://images-of-elements.com/sodium.php,https://images-of-elements.com/sodium.jpg,originals/011_Na_Sodium.jpg,photos/011_Na_Sodium.png,specimen_photo,Sodium,Chemical Elements — A Virtual Museum / images-of-elements.com,CC BY 3.0,870,870,https://creativecommons.org/licenses/by/3.0/,AI-assisted background replacement; requested light neutral gray #F3F4F4. Not pixel-preserving; consult original for scientific details.,f600b743c4301d2dfb5035da1910184fc0b8ce27a2fda44b76915f57c8a74f67,1254,1254,2026-09-05
12,Mg,Magnesium,alkaline earth metal,Solid,https://images-of-elements.com/magnesium.php,https://images-of-elements.com/magnesium.jpg,originals/012_Mg_Magnesium.jpg,photos/012_Mg_Magnesium.png,specimen_photo,Magnesium front,Chemical Elements — A Virtual Museum / images-of-elements.com,CC BY 3.0,1424,1424,https://creativecommons.org/licenses/by/3.0/,AI-assisted background replacement; requested light neutral gray #F3F4F4. Not pixel-preserving; consult original for scientific details.,e8d3899739931e9142762bb4836b46971878f5460ec7457d77de859ecc884cfb,1254,1254,2026-09-05
13,Al,Aluminium,post-transition metal,Solid,https://images-of-elements.com/aluminium.php,https://images-of-elements.com/aluminium.jpg,originals/013_Al_Aluminium.jpg,photos/013_Al_Aluminium.png,specimen_photo,Aluminium,Chemical Elements — A Virtual Museum / images-of-elements.com,CC BY 3.0,1560,1560,https://creativecommons.org/licenses/by/3.0/,AI-assisted background replacement; requested light neutral gray #F3F4F4. Not pixel-preserving; consult original for scientific details.,2ea0da0333cc591803800b7ad8db332e94d74547e761d42a3fb035bba69c0083,1254,1254,2026-09-05
14,Si,Silicon,metalloid,Solid,https://images-of-elements.com/silicon.php,https://images-of-elements.com/silicon.jpg,originals/014_Si_Silicon.jpg,photos/014_Si_Silicon.png,specimen_photo,Piece of silicon,Chemical Elements — A Virtual Museum / images-of-elements.com,CC BY 3.0,948,948,https://creativecommons.org/licenses/by/3.0/,AI-assisted background replacement; requested light neutral gray #F3F4F4. Not pixel-preserving; consult original for scientific details.,744693255126805f28fdbe45cf70f3a0fb588a2a56ff240213c4813e8fce3f27,1254,1254,2026-09-05
15,P,Phosphorus,polyatomic nonmetal,Solid,https://images-of-elements.com/phosphorus.php,https://images-of-elements.com/phosphorus.jpg,originals/015_P_Phosphorus.jpg,photos/015_P_Phosphorus.png,specimen_photo,Purple Phosphorus,Chemical Elements — A Virtual Museum / images-of-elements.com,CC BY 3.0,1090,1090,https://creativecommons.org/licenses/by/3.0/,AI-assisted background replacement; requested light neutral gray #F3F4F4. Not pixel-preserving; consult original for scientific details.,282b2d06ecc2630b4f4de5bbef2ccf40a1b6b125a47e152a0e288db17c7e752e,1254,1254,2026-09-05
16,S,Sulfur,polyatomic nonmetal,Solid,https://images-of-elements.com/sulfur.php,https://images-of-elements.com/sulfur.jpg,originals/016_S_Sulfur.jpg,photos/016_S_Sulfur.png,specimen_photo,Sulfur crystal,Chemical Elements — A Virtual Museum / images-of-elements.com,CC BY 3.0,1404,1404,https://creativecommons.org/licenses/by/3.0/,AI-assisted background replacement; requested light neutral gray #F3F4F4. Not pixel-preserving; consult original for scientific details.,351d38bf5a54616a623f1ed0138c87b07f2b58f78815619ef9816d4dc0c4a8f2,1254,1254,2026-09-05
17,Cl,Chlorine,diatomic nonmetal,Gas,https://images-of-elements.com/chlorine.php,https://images-of-elements.com/chlorine.jpg,originals/017_Cl_Chlorine.jpg,photos/017_Cl_Chlorine.png,specimen_photo,"Liquid chlorine under pressure, inside a sealed container.",Chemical Elements — A Virtual Museum / images-of-elements.com,CC BY 3.0,940,940,https://creativecommons.org/licenses/by/3.0/,AI-assisted background replacement; requested light neutral gray #F3F4F4. Not pixel-preserving; consult original for scientific details.,972b17b61d3250f25a9009883c0613629a9b8fde9318ae7c41b3c44908a3f0f8,1254,1254,2026-09-05
18,Ar,Argon,noble gas,Gas,https://images-of-elements.com/argon.php,https://images-of-elements.com/argon.jpg,originals/018_Ar_Argon.jpg,photos/018_Ar_Argon.png,gas_discharge_photo,Electrically excited argon in a sealed vial; glow is not its ordinary appearance.,Chemical Elements — A Virtual Museum / images-of-elements.com,CC BY 3.0,968,968,https://creativecommons.org/licenses/by/3.0/,AI-assisted background replacement; requested light neutral gray #F3F4F4. Not pixel-preserving; consult original for scientific details.,38e28f9593fe07e72f468739424506fdf2669755798772eb6d1ea4210c1c4b05,1254,1254,2026-09-05
19,K,Potassium,alkali metal,Solid,https://images-of-elements.com/potassium.php,https://images-of-elements.com/potassium.jpg,originals/019_K_Potassium.jpg,photos/019_K_Potassium.png,specimen_photo,Potassium,Chemical Elements — A Virtual Museum / images-of-elements.com,CC BY 3.0,1588,1588,https://creativecommons.org/licenses/by/3.0/,AI-assisted background replacement; requested light neutral gray #F3F4F4. Not pixel-preserving; consult original for scientific details.,92cf4472975856195f570df56f269386497e1620310618c984aa166f415da540,1254,1254,2026-09-05
20,Ca,Calcium,alkaline earth metal,Solid,https://images-of-elements.com/calcium.php,https://images-of-elements.com/calcium.jpg,originals/020_Ca_Calcium.jpg,photos/020_Ca_Calcium.png,specimen_photo,Calcium,Chemical Elements — A Virtual Museum / images-of-elements.com,CC BY 3.0,1072,1072,https://creativecommons.org/licenses/by/3.0/,AI-assisted background replacement; requested light neutral gray #F3F4F4. Not pixel-preserving; consult original for scientific details.,fed23b21cc8c9acd26a46d0a9112c8c6b40db25bc1f346f19bd166f73336385d,1254,1254,2026-09-05
21,Sc,Scandium,transition metal,Solid,https://images-of-elements.com/scandium.php,https://images-of-elements.com/scandium.jpg,originals/021_Sc_Scandium.jpg,photos/021_Sc_Scandium.png,specimen_photo,Scandium,Chemical Elements — A Virtual Museum / images-of-elements.com,CC BY 3.0,924,924,https://creativecommons.org/licenses/by/3.0/,AI-assisted background replacement; requested light neutral gray #F3F4F4. Not pixel-preserving; consult original for scientific details.,82c7e24b7e213b256593381ffa79bd0692815978a8a31ca7222081a3f1f7331d,1254,1254,2026-09-05
22,Ti,Titanium,transition metal,Solid,https://images-of-elements.com/titanium.php,https://images-of-elements.com/titanium-crystal.jpg,originals/022_Ti_Titanium.jpg,photos/022_Ti_Titanium.png,specimen_photo,Titanium crystal,Chemical Elements — A Virtual Museum / images-of-elements.com,CC BY 3.0,1228,1228,https://creativecommons.org/licenses/by/3.0/,AI-assisted background replacement; requested light neutral gray #F3F4F4. Not pixel-preserving; consult original for scientific details.,0dcb5f5008fb94149445c27a5cd753ee4a1a3a846de4fb76ed55a76d157738e3,1254,1254,2026-09-05
23,V,Vanadium,transition metal,Solid,https://images-of-elements.com/vanadium.php,https://images-of-elements.com/vanadium.jpg,originals/023_V_Vanadium.jpg,photos/023_V_Vanadium.png,specimen_photo,Vanadium with oxide layer,Chemical Elements — A Virtual Museum / images-of-elements.com,CC BY 3.0,944,944,https://creativecommons.org/licenses/by/3.0/,AI-assisted background replacement; requested light neutral gray #F3F4F4. Not pixel-preserving; consult original for scientific details.,1097b5c6a766cfe1f7e88b775d68e344e4b3a9ab0fed9abc736488d872da21a6,1254,1254,2026-09-05
24,Cr,Chromium,transition metal,Solid,https://images-of-elements.com/chromium.php,https://images-of-elements.com/chromium.jpg,originals/024_Cr_Chromium.jpg,photos/024_Cr_Chromium.png,specimen_photo,Chromium,Chemical Elements — A Virtual Museum / images-of-elements.com,CC BY 3.0,1128,1128,https://creativecommons.org/licenses/by/3.0/,AI-assisted background replacement; requested light neutral gray #F3F4F4. Not pixel-preserving; consult original for scientific details.,e1c8f7200c22c50b4e6bd255923238c24ccd627c7c3a8493048956cc9d91d607,1254,1254,2026-09-05
25,Mn,Manganese,transition metal,Solid,https://images-of-elements.com/manganese.php,https://images-of-elements.com/manganese.jpg,originals/025_Mn_Manganese.jpg,photos/025_Mn_Manganese.png,specimen_photo,Manganese with crystals,Chemical Elements — A Virtual Museum / images-of-elements.com,CC BY 3.0,1184,1184,https://creativecommons.org/licenses/by/3.0/,AI-assisted background replacement; requested light neutral gray #F3F4F4. Not pixel-preserving; consult original for scientific details.,f3bd6e715ee54a2daf0b2f168a2b336cf8b3f782240745be124c56b4abecbe9c,1254,1254,2026-09-05
26,Fe,Iron,transition metal,Solid,https://images-of-elements.com/iron.php,https://images-of-elements.com/iron-3.jpg,originals/026_Fe_Iron.jpg,photos/026_Fe_Iron.png,specimen_photo,"Pure iron cylinder, 16 grams, 1 cm diameter.",Chemical Elements — A Virtual Museum / images-of-elements.com,CC BY 3.0,908,908,https://creativecommons.org/licenses/by/3.0/,AI-assisted background replacement; requested light neutral gray #F3F4F4. Not pixel-preserving; consult original for scientific details.,a7f03028540a1c15487e1901143911d3d56890432a949e1cdbb9ec3e53b4a0f9,1254,1254,2026-09-05
27,Co,Cobalt,transition metal,Solid,https://images-of-elements.com/cobalt.php,https://images-of-elements.com/cobalt.jpg,originals/027_Co_Cobalt.jpg,photos/027_Co_Cobalt.png,specimen_photo,Cobalt,Chemical Elements — A Virtual Museum / images-of-elements.com,CC BY 3.0,1160,1160,https://creativecommons.org/licenses/by/3.0/,AI-assisted background replacement; requested light neutral gray #F3F4F4. Not pixel-preserving; consult original for scientific details.,a7dd60cf929c849a997e583d5f1d2ca904d1cc05ab37f7e5b43c3620ded1adcb,1254,1254,2026-09-05
28,Ni,Nickel,transition metal,Solid,https://images-of-elements.com/nickel.php,https://images-of-elements.com/nickel.jpg,originals/028_Ni_Nickel.jpg,photos/028_Ni_Nickel.png,specimen_photo,Nickel,Chemical Elements — A Virtual Museum / images-of-elements.com,CC BY 3.0,1108,1108,https://creativecommons.org/licenses/by/3.0/,AI-assisted background replacement; requested light neutral gray #F3F4F4. Not pixel-preserving; consult original for scientific details.,26d3029b65de9dfdd39ca4cbef15d73dd1bf38e6ee7d380b2be6cf07f99bfa35,1254,1254,2026-09-05
29,Cu,Copper,transition metal,Solid,https://images-of-elements.com/copper.php,https://images-of-elements.com/copper.jpg,originals/029_Cu_Copper.jpg,photos/029_Cu_Copper.png,specimen_photo,Copper nugget,Chemical Elements — A Virtual Museum / images-of-elements.com,CC BY 3.0,1300,1300,https://creativecommons.org/licenses/by/3.0/,AI-assisted background replacement; requested light neutral gray #F3F4F4. Not pixel-preserving; consult original for scientific details.,c5e2f4703c8b39429861633a0286a3a9effbb25d34fe50a021ea1bae0b52cf3d,1254,1254,2026-09-05
30,Zn,Zinc,transition metal,Solid,https://images-of-elements.com/zinc.php,https://images-of-elements.com/zinc.jpg,originals/030_Zn_Zinc.jpg,photos/030_Zn_Zinc.png,specimen_photo,Zinc,Chemical Elements — A Virtual Museum / images-of-elements.com,CC BY 3.0,1164,1164,https://creativecommons.org/licenses/by/3.0/,AI-assisted background replacement; requested light neutral gray #F3F4F4. Not pixel-preserving; consult original for scientific details.,72ca52c5d37a4cab4a88949b0b291ea4d00fe78cdbbfdce2cc8cca2bc26b60ca,1254,1254,2026-09-05
31,Ga,Gallium,post-transition metal,Solid,https://images-of-elements.com/gallium.php,https://images-of-elements.com/gallium.jpg,originals/031_Ga_Gallium.jpg,photos/031_Ga_Gallium.png,specimen_photo,Crystallizing gallium,Chemical Elements — A Virtual Museum / images-of-elements.com,CC BY 3.0,914,914,https://creativecommons.org/licenses/by/3.0/,AI-assisted background replacement; requested light neutral gray #F3F4F4. Not pixel-preserving; consult original for scientific details.,760cf76ee9f268cba32fafd70457c40e5d43958cea7aa65a27e45c5fbc830857,1254,1254,2026-09-05
32,Ge,Germanium,metalloid,Solid,https://images-of-elements.com/germanium.php,https://images-of-elements.com/germanium.jpg,originals/032_Ge_Germanium.jpg,photos/032_Ge_Germanium.png,specimen_photo,Germanium,Chemical Elements — A Virtual Museum / images-of-elements.com,CC BY 3.0,1056,1056,https://creativecommons.org/licenses/by/3.0/,AI-assisted background replacement; requested light neutral gray #F3F4F4. Not pixel-preserving; consult original for scientific details.,5a4ea700415364edda2b50b9a2553c16f5094efcc1976d95c4bd608532a93de7,1254,1254,2026-09-05
33,As,Arsenic,metalloid,Solid,https://images-of-elements.com/arsenic.php,https://images-of-elements.com/arsenic.jpg,originals/033_As_Arsenic.jpg,photos/033_As_Arsenic.png,specimen_photo,Two pieces of arsenic,Chemical Elements — A Virtual Museum / images-of-elements.com,CC BY 3.0,720,720,https://creativecommons.org/licenses/by/3.0/,AI-assisted background replacement; requested light neutral gray #F3F4F4. Not pixel-preserving; consult original for scientific details.,c85ff3256e3751996766bfe57d6ef9fb66c5e4e470c73746eafe7b3e948f5e9c,1254,1254,2026-09-05
34,Se,Selenium,polyatomic nonmetal,Solid,https://images-of-elements.com/selenium.php,https://images-of-elements.com/selenium.jpg,originals/034_Se_Selenium.jpg,photos/034_Se_Selenium.png,specimen_photo,Selenium,Chemical Elements — A Virtual Museum / images-of-elements.com,CC BY 3.0,1024,1024,https://creativecommons.org/licenses/by/3.0/,AI-assisted background replacement; requested light neutral gray #F3F4F4. Not pixel-preserving; consult original for scientific details.,3df67ec629c15a37cd50b2b688237d67eaea429eac917a535867a3ddc6681144,1254,1254,2026-09-05
35,Br,Bromine,diatomic nonmetal,Liquid,https://images-of-elements.com/bromine.php,https://images-of-elements.com/bromine.jpg,originals/035_Br_Bromine.jpg,photos/035_Br_Bromine.png,specimen_photo,Bromine,Chemical Elements — A Virtual Museum / images-of-elements.com,CC BY 3.0,1384,1384,https://creativecommons.org/licenses/by/3.0/,AI-assisted background replacement; requested light neutral gray #F3F4F4. Not pixel-preserving; consult original for scientific details.,19124b189b7e605ca52e4116660c5e4358de968a5732cf065aad8ace8e0f9bb6,1254,1254,2026-09-05
36,Kr,Krypton,noble gas,Gas,https://images-of-elements.com/krypton.php,https://images-of-elements.com/krypton.jpg,originals/036_Kr_Krypton.jpg,photos/036_Kr_Krypton.png,gas_discharge_photo,Electrically excited krypton in a sealed vial; glow is not its ordinary appearance.,Chemical Elements — A Virtual Museum / images-of-elements.com,CC BY 3.0,1016,1016,https://creativecommons.org/licenses/by/3.0/,AI-assisted background replacement; requested light neutral gray #F3F4F4. Not pixel-preserving; consult original for scientific details.,f19e3fae7d59d9e5e2a837135e7a911b80eaf5fae8d30d0d1f2c6600e55e6196,1254,1254,2026-09-05
37,Rb,Rubidium,alkali metal,Solid,https://images-of-elements.com/rubidium.php,https://images-of-elements.com/rubidium.jpg,originals/037_Rb_Rubidium.jpg,photos/037_Rb_Rubidium.png,specimen_photo,Rubidium,Chemical Elements — A Virtual Museum / images-of-elements.com,CC BY 3.0,1048,1048,https://creativecommons.org/licenses/by/3.0/,AI-assisted background replacement; requested light neutral gray #F3F4F4. Not pixel-preserving; consult original for scientific details.,08d96528028cfad808c05e8cc4b1c404c80acf02349ccf6707cfb568bb259d56,1254,1254,2026-09-05
38,Sr,Strontium,alkaline earth metal,Solid,https://images-of-elements.com/strontium.php,https://images-of-elements.com/strontium.jpg,originals/038_Sr_Strontium.jpg,photos/038_Sr_Strontium.png,specimen_photo,Strontium,Chemical Elements — A Virtual Museum / images-of-elements.com,CC BY 3.0,1044,1044,https://creativecommons.org/licenses/by/3.0/,AI-assisted background replacement; requested light neutral gray #F3F4F4. Not pixel-preserving; consult original for scientific details.,84bc305af57492ac7e8619b9ac6be2251f3c3a5aa896c99f91804ae5afd3a9e3,1254,1254,2026-09-05
39,Y,Yttrium,transition metal,Solid,https://images-of-elements.com/yttrium.php,https://images-of-elements.com/yttrium.jpg,originals/039_Y_Yttrium.jpg,photos/039_Y_Yttrium.png,specimen_photo,Yttrium front,Chemical Elements — A Virtual Museum / images-of-elements.com,CC BY 3.0,1216,1216,https://creativecommons.org/licenses/by/3.0/,AI-assisted background replacement; requested light neutral gray #F3F4F4. Not pixel-preserving; consult original for scientific details.,06d079be6e79d31be0384d7bddd13f8379035fd38670b94fd0d7c1827a864f2a,1254,1254,2026-09-05
40,Zr,Zirconium,transition metal,Solid,https://images-of-elements.com/zirconium.php,https://images-of-elements.com/zirconium.jpg,originals/040_Zr_Zirconium.jpg,photos/040_Zr_Zirconium.png,specimen_photo,Zirconium,Chemical Elements — A Virtual Museum / images-of-elements.com,CC BY 3.0,940,940,https://creativecommons.org/licenses/by/3.0/,AI-assisted background replacement; requested light neutral gray #F3F4F4. Not pixel-preserving; consult original for scientific details.,d53034cf32c8d1b8a0cfb5a2ceb914c6432bed1c95beece792d503377143a0c2,1254,1254,2026-09-05
41,Nb,Niobium,transition metal,Solid,https://images-of-elements.com/niobium.php,https://images-of-elements.com/niobium.jpg,originals/041_Nb_Niobium.jpg,photos/041_Nb_Niobium.png,specimen_photo,Niobium,Chemical Elements — A Virtual Museum / images-of-elements.com,CC BY 3.0,902,902,https://creativecommons.org/licenses/by/3.0/,AI-assisted background replacement; requested light neutral gray #F3F4F4. Not pixel-preserving; consult original for scientific details.,d8176faa4cb7c82f71c3640dcbc1b6649fc4379968ff1aff91d58bdc2accea86,1254,1254,2026-09-05
42,Mo,Molybdenum,transition metal,Solid,https://images-of-elements.com/molybdenum.php,https://images-of-elements.com/molybdenum.jpg,originals/042_Mo_Molybdenum.jpg,photos/042_Mo_Molybdenum.png,specimen_photo,Molybdenum crystal,Chemical Elements — A Virtual Museum / images-of-elements.com,CC BY 3.0,1180,1180,https://creativecommons.org/licenses/by/3.0/,AI-assisted background replacement; requested light neutral gray #F3F4F4. Not pixel-preserving; consult original for scientific details.,8f2e629cddc287d3c6a583b4cdb1b54e68178bfe5f1f5cc814a9ae40d50bcb9b,1254,1254,2026-09-05
43,Tc,Technetium,transition metal,Solid,https://images-of-elements.com/technetium.php,https://images-of-elements.com/s/technetium.jpg,originals/043_Tc_Technetium.jpg,photos/043_Tc_Technetium.png,specimen_photo,Technetium,Public-domain photo reproduced by Chemical Elements — A Virtual Museum,Public domain,400,400,,AI-assisted background replacement; requested light neutral gray #F3F4F4. Not pixel-preserving; consult original for scientific details.,ccbae8026c499b90adf127ffa418143fa4e50758ba76b9d5c86bd63ca6d235a3,1254,1254,2026-09-05
44,Ru,Ruthenium,transition metal,Solid,https://images-of-elements.com/ruthenium.php,https://images-of-elements.com/ruthenium.jpg,originals/044_Ru_Ruthenium.jpg,photos/044_Ru_Ruthenium.png,specimen_photo,Ruthenium front,Chemical Elements — A Virtual Museum / images-of-elements.com,CC BY 3.0,852,852,https://creativecommons.org/licenses/by/3.0/,AI-assisted background replacement; requested light neutral gray #F3F4F4. Not pixel-preserving; consult original for scientific details.,b60b3431dd8d96de7aae114edbbcd98534946ca968793010e543342bc931ba03,1254,1254,2026-09-05
45,Rh,Rhodium,transition metal,Solid,https://images-of-elements.com/rhodium.php,https://images-of-elements.com/s/rhodium.jpg,originals/045_Rh_Rhodium.jpg,photos/045_Rh_Rhodium.png,specimen_photo,Rhodium,Chemical Elements — A Virtual Museum / images-of-elements.com,CC BY 3.0,400,400,https://creativecommons.org/licenses/by/3.0/,AI-assisted background replacement; requested light neutral gray #F3F4F4. Not pixel-preserving; consult original for scientific details.,1dd266b55b85ef3e07a1b775e1fa6ac727d4b202fd7a14a66b1f89767fbc96c2,1254,1254,2026-09-05
46,Pd,Palladium,transition metal,Solid,https://images-of-elements.com/palladium.php,https://images-of-elements.com/palladium.jpg,originals/046_Pd_Palladium.jpg,photos/046_Pd_Palladium.png,specimen_photo,Palladium,Chemical Elements — A Virtual Museum / images-of-elements.com,CC BY 3.0,730,730,https://creativecommons.org/licenses/by/3.0/,AI-assisted background replacement; requested light neutral gray #F3F4F4. Not pixel-preserving; consult original for scientific details.,02a271d72af987febeefe4112d5a869905b8c805b9f940fedea6999563c17b03,1254,1254,2026-09-05
47,Ag,Silver,transition metal,Solid,https://images-of-elements.com/silver.php,https://images-of-elements.com/silver.jpg,originals/047_Ag_Silver.jpg,photos/047_Ag_Silver.png,specimen_photo,Silver nugget,Chemical Elements — A Virtual Museum / images-of-elements.com,CC BY 3.0,624,624,https://creativecommons.org/licenses/by/3.0/,AI-assisted background replacement; requested light neutral gray #F3F4F4. Not pixel-preserving; consult original for scientific details.,0805cb7839b82446c88ef36ce6c6c062fb0572a4b3357baad913935ad626ae11,1254,1254,2026-09-05
48,Cd,Cadmium,transition metal,Solid,https://images-of-elements.com/cadmium.php,https://images-of-elements.com/cadmium.jpg,originals/048_Cd_Cadmium.jpg,photos/048_Cd_Cadmium.png,specimen_photo,Cadmium,Chemical Elements — A Virtual Museum / images-of-elements.com,CC BY 3.0,1150,1150,https://creativecommons.org/licenses/by/3.0/,AI-assisted background replacement; requested light neutral gray #F3F4F4. Not pixel-preserving; consult original for scientific details.,d863ed96c45df3d7416f247182a980bbb6d33ce369c60cb70c136e4b1e7d703f,1254,1254,2026-09-05
49,In,Indium,post-transition metal,Solid,https://images-of-elements.com/indium.php,https://images-of-elements.com/indium.jpg,originals/049_In_Indium.jpg,photos/049_In_Indium.png,specimen_photo,Indium ingot,Chemical Elements — A Virtual Museum / images-of-elements.com,CC BY 3.0,1144,1144,https://creativecommons.org/licenses/by/3.0/,AI-assisted background replacement; requested light neutral gray #F3F4F4. Not pixel-preserving; consult original for scientific details.,db63b9deb93ce09ea5a0a266a00dfb10a4e12a38dbc890ee8ce93f3da3155e53,1254,1254,2026-09-05
50,Sn,Tin,post-transition metal,Solid,https://images-of-elements.com/tin.php,https://images-of-elements.com/tin.jpg,originals/050_Sn_Tin.jpg,photos/050_Sn_Tin.png,specimen_photo,Tin blob,Chemical Elements — A Virtual Museum / images-of-elements.com,CC BY 3.0,1336,1336,https://creativecommons.org/licenses/by/3.0/,AI-assisted background replacement; requested light neutral gray #F3F4F4. Not pixel-preserving; consult original for scientific details.,17f6ad595f5dc14c7e557994e4d2cf5669fe95b2a2a3ae00c08a85a92ac2f2fa,1254,1254,2026-09-05
51,Sb,Antimony,metalloid,Solid,https://images-of-elements.com/antimony.php,https://images-of-elements.com/antimony.jpg,originals/051_Sb_Antimony.jpg,photos/051_Sb_Antimony.png,specimen_photo,Antimony,Chemical Elements — A Virtual Museum / images-of-elements.com,CC BY 3.0,1074,1074,https://creativecommons.org/licenses/by/3.0/,AI-assisted background replacement; requested light neutral gray #F3F4F4. Not pixel-preserving; consult original for scientific details.,2ed9fc8493741f6c86b8d1414f54a7943a6b1ec198a766523171ee2e64433bf7,1254,1254,2026-09-05
52,Te,Tellurium,metalloid,Solid,https://images-of-elements.com/tellurium.php,https://images-of-elements.com/tellurium.jpg,originals/052_Te_Tellurium.jpg,photos/052_Te_Tellurium.png,specimen_photo,Tellurium,Chemical Elements — A Virtual Museum / images-of-elements.com,CC BY 3.0,1170,1170,https://creativecommons.org/licenses/by/3.0/,AI-assisted background replacement; requested light neutral gray #F3F4F4. Not pixel-preserving; consult original for scientific details.,120ce5ea4bf62c835911f823c24bb766165f74fcf2840af6f52c25dcfcc734a7,1254,1254,2026-09-05
53,I,Iodine,diatomic nonmetal,Solid,https://images-of-elements.com/iodine.php,https://images-of-elements.com/iodine.jpg,originals/053_I_Iodine.jpg,photos/053_I_Iodine.png,specimen_photo,Iodine crystals,Chemical Elements — A Virtual Museum / images-of-elements.com,CC BY 3.0,1024,1024,https://creativecommons.org/licenses/by/3.0/,AI-assisted background replacement; requested light neutral gray #F3F4F4. Not pixel-preserving; consult original for scientific details.,190f3900b6f15859a889b9e2a02a510460883c6502e5675be2bcb0bab150f9a0,1254,1254,2026-09-05
54,Xe,Xenon,noble gas,Gas,https://images-of-elements.com/xenon.php,https://images-of-elements.com/xenon.jpg,originals/054_Xe_Xenon.jpg,photos/054_Xe_Xenon.png,gas_discharge_photo,Electrically excited xenon in a sealed vial; glow is not its ordinary appearance.,Chemical Elements — A Virtual Museum / images-of-elements.com,CC BY 3.0,1140,1140,https://creativecommons.org/licenses/by/3.0/,AI-assisted background replacement; requested light neutral gray #F3F4F4. Not pixel-preserving; consult original for scientific details.,ab2ca42762882b46db0674a0ad0939f88ba81d3eaac6f5d4b6e30f5a1778331c,1254,1254,2026-09-05
55,Cs,Cesium,alkali metal,Solid,https://images-of-elements.com/caesium.php,https://images-of-elements.com/caesium.jpg,originals/055_Cs_Cesium.jpg,photos/055_Cs_Cesium.png,specimen_photo,Caesium 4 images,Chemical Elements — A Virtual Museum / images-of-elements.com,CC BY 3.0,1800,1800,https://creativecommons.org/licenses/by/3.0/,AI-assisted background replacement; requested light neutral gray #F3F4F4. Not pixel-preserving; consult original for scientific details.,a239d94936dd27efdcf522762f77a00536553702fd50995392073824f690cfa9,1254,1254,2026-09-05
56,Ba,Barium,alkaline earth metal,Solid,https://images-of-elements.com/barium.php,https://images-of-elements.com/barium.jpg,originals/056_Ba_Barium.jpg,photos/056_Ba_Barium.png,specimen_photo,Barium,Chemical Elements — A Virtual Museum / images-of-elements.com,CC BY 3.0,710,710,https://creativecommons.org/licenses/by/3.0/,AI-assisted background replacement; requested light neutral gray #F3F4F4. Not pixel-preserving; consult original for scientific details.,2457d76b199a53f7f160ec1fcc709124dbaffbbfd9e3c23f2904c0cbec479813,1254,1254,2026-09-05
57,La,Lanthanum,lanthanide,Solid,https://images-of-elements.com/lanthanum.php,https://images-of-elements.com/lanthanum.jpg,originals/057_La_Lanthanum.jpg,photos/057_La_Lanthanum.png,specimen_photo,Lanthanum,Chemical Elements — A Virtual Museum / images-of-elements.com,CC BY 3.0,672,672,https://creativecommons.org/licenses/by/3.0/,AI-assisted background replacement; requested light neutral gray #F3F4F4. Not pixel-preserving; consult original for scientific details.,2f513781f698311fa6989c7485e5fd216d37778c4926970bbf7e5123df2ddbb6,1254,1254,2026-09-05
58,Ce,Cerium,lanthanide,Solid,https://images-of-elements.com/cerium.php,https://images-of-elements.com/cerium.jpg,originals/058_Ce_Cerium.jpg,photos/058_Ce_Cerium.png,specimen_photo,Cerium,Chemical Elements — A Virtual Museum / images-of-elements.com,CC BY 3.0,788,788,https://creativecommons.org/licenses/by/3.0/,AI-assisted background replacement; requested light neutral gray #F3F4F4. Not pixel-preserving; consult original for scientific details.,4f3b084df1851412129d463fe7c8957e0ef86261af54de28b1fbdd98fbe83247,1254,1254,2026-09-05
59,Pr,Praseodymium,lanthanide,Solid,https://images-of-elements.com/praseodymium.php,https://images-of-elements.com/praseodymium.jpg,originals/059_Pr_Praseodymium.jpg,photos/059_Pr_Praseodymium.png,specimen_photo,Praseodymium,Chemical Elements — A Virtual Museum / images-of-elements.com,CC BY 3.0,848,848,https://creativecommons.org/licenses/by/3.0/,AI-assisted background replacement; requested light neutral gray #F3F4F4. Not pixel-preserving; consult original for scientific details.,3ba01ef32743cea18e6e43d5649d3ba949aeb5cbbf4e3f29d1ef39f33a40237e,1254,1254,2026-09-05
60,Nd,Neodymium,lanthanide,Solid,https://images-of-elements.com/neodymium.php,https://images-of-elements.com/neodymium.jpg,originals/060_Nd_Neodymium.jpg,photos/060_Nd_Neodymium.png,specimen_photo,Neodymium,Chemical Elements — A Virtual Museum / images-of-elements.com,CC BY 3.0,782,782,https://creativecommons.org/licenses/by/3.0/,AI-assisted background replacement; requested light neutral gray #F3F4F4. Not pixel-preserving; consult original for scientific details.,8047a1af6926288d27bb17b6133d533965a05ed16435987f0039e6e00954b6ad,1254,1254,2026-09-05
61,Pm,Promethium,lanthanide,Solid,https://images-of-elements.com/promethium.php,,,,no_sample_photo,No verified macroscopic sample photo included; source illustration or historical proxy excluded.,,,0,0,,,,0,0,2026-09-05
62,Sm,Samarium,lanthanide,Solid,https://images-of-elements.com/samarium.php,https://images-of-elements.com/samarium.jpg,originals/062_Sm_Samarium.jpg,photos/062_Sm_Samarium.png,specimen_photo,Samarium,Chemical Elements — A Virtual Museum / images-of-elements.com,CC BY 3.0,894,894,https://creativecommons.org/licenses/by/3.0/,AI-assisted background replacement; requested light neutral gray #F3F4F4. Not pixel-preserving; consult original for scientific details.,2daf9f65a93c7ca8b23b17b8e2125ba055dd59a4605931c84207b6375c59b9b4,1254,1254,2026-09-05
63,Eu,Europium,lanthanide,Solid,https://images-of-elements.com/europium.php,https://images-of-elements.com/europium.jpg,originals/063_Eu_Europium.jpg,photos/063_Eu_Europium.png,specimen_photo,Strongly oxidized europium,Chemical Elements — A Virtual Museum / images-of-elements.com,CC BY 3.0,972,972,https://creativecommons.org/licenses/by/3.0/,AI-assisted background replacement; requested light neutral gray #F3F4F4. Not pixel-preserving; consult original for scientific details.,84c15531f4f43421206c59207903b10cc7c77efcbfd6c215710f474bebf69ce2,1254,1254,2026-09-05
64,Gd,Gadolinium,lanthanide,Solid,https://images-of-elements.com/gadolinium.php,https://images-of-elements.com/gadolinium.jpg,originals/064_Gd_Gadolinium.jpg,photos/064_Gd_Gadolinium.png,specimen_photo,Gadolinium,Chemical Elements — A Virtual Museum / images-of-elements.com,CC BY 3.0,1036,1036,https://creativecommons.org/licenses/by/3.0/,AI-assisted background replacement; requested light neutral gray #F3F4F4. Not pixel-preserving; consult original for scientific details.,b53a99e772538f93f367385363e7ac3a5d8f5ccd409b00c578ab725540ac0609,1254,1254,2026-09-05
65,Tb,Terbium,lanthanide,Solid,https://images-of-elements.com/terbium.php,https://images-of-elements.com/terbium.jpg,originals/065_Tb_Terbium.jpg,photos/065_Tb_Terbium.png,specimen_photo,Terbium,Chemical Elements — A Virtual Museum / images-of-elements.com,CC BY 3.0,704,704,https://creativecommons.org/licenses/by/3.0/,AI-assisted background replacement; requested light neutral gray #F3F4F4. Not pixel-preserving; consult original for scientific details.,320b666c24299b777cdcf4caf6b338693284885794b20d8c6c00a4a793957bc8,1254,1254,2026-09-05
66,Dy,Dysprosium,lanthanide,Solid,https://images-of-elements.com/dysprosium.php,https://images-of-elements.com/dysprosium-2.jpg,originals/066_Dy_Dysprosium.jpg,photos/066_Dy_Dysprosium.png,specimen_photo,Dysprodium,Chemical Elements — A Virtual Museum / images-of-elements.com,CC BY 3.0,1108,1108,https://creativecommons.org/licenses/by/3.0/,AI-assisted background replacement; requested light neutral gray #F3F4F4. Not pixel-preserving; consult original for scientific details.,9422c5daf632e4a5e85f6434a6877f874373b7ff4a74e06097e93780874d1d52,1254,1254,2026-09-05
67,Ho,Holmium,lanthanide,Solid,https://images-of-elements.com/holmium.php,https://images-of-elements.com/holmium.jpg,originals/067_Ho_Holmium.jpg,photos/067_Ho_Holmium.png,specimen_photo,Holmium,Chemical Elements — A Virtual Museum / images-of-elements.com,CC BY 3.0,992,992,https://creativecommons.org/licenses/by/3.0/,AI-assisted background replacement; requested light neutral gray #F3F4F4. Not pixel-preserving; consult original for scientific details.,893a3542c711e682f322572513bafafdc9d397f5d560e4f218b27ec661f9cebf,1254,1254,2026-09-05
68,Er,Erbium,lanthanide,Solid,https://images-of-elements.com/erbium.php,https://images-of-elements.com/erbium.jpg,originals/068_Er_Erbium.jpg,photos/068_Er_Erbium.png,specimen_photo,Erbium,Chemical Elements — A Virtual Museum / images-of-elements.com,CC BY 3.0,1056,1056,https://creativecommons.org/licenses/by/3.0/,AI-assisted background replacement; requested light neutral gray #F3F4F4. Not pixel-preserving; consult original for scientific details.,861872625b91c7b20cc454dd39fe546de7fb6c59e4be38bc9834147b6b1901a1,1254,1254,2026-09-05
69,Tm,Thulium,lanthanide,Solid,https://images-of-elements.com/thulium.php,https://images-of-elements.com/thulium.jpg,originals/069_Tm_Thulium.jpg,photos/069_Tm_Thulium.png,specimen_photo,Thulium front,Chemical Elements — A Virtual Museum / images-of-elements.com,CC BY 3.0,1460,1460,https://creativecommons.org/licenses/by/3.0/,AI-assisted background replacement; requested light neutral gray #F3F4F4. Not pixel-preserving; consult original for scientific details.,c3defffec614737d8473134b04595df7ce5c3b5e528e4bb61c827e135bbdb09b,1254,1254,2026-09-05
70,Yb,Ytterbium,lanthanide,Solid,https://images-of-elements.com/ytterbium.php,https://images-of-elements.com/ytterbium.jpg,originals/070_Yb_Ytterbium.jpg,photos/070_Yb_Ytterbium.png,specimen_photo,Ytterbium,Chemical Elements — A Virtual Museum / images-of-elements.com,CC BY 3.0,812,812,https://creativecommons.org/licenses/by/3.0/,AI-assisted background replacement; requested light neutral gray #F3F4F4. Not pixel-preserving; consult original for scientific details.,f659432829bff6b4eb62337fcdf6ce7148596e34252ce234106e4352ecc54147,1254,1254,2026-09-05
71,Lu,Lutetium,lanthanide,Solid,https://images-of-elements.com/lutetium.php,https://images-of-elements.com/lutetium.jpg,originals/071_Lu_Lutetium.jpg,photos/071_Lu_Lutetium.png,specimen_photo,Lutetium,Chemical Elements — A Virtual Museum / images-of-elements.com,CC BY 3.0,788,788,https://creativecommons.org/licenses/by/3.0/,AI-assisted background replacement; requested light neutral gray #F3F4F4. Not pixel-preserving; consult original for scientific details.,67beadc103fc83efcb40a89242679751d044a505dca63cfe001143a2d9447f3c,1254,1254,2026-09-05
72,Hf,Hafnium,transition metal,Solid,https://images-of-elements.com/hafnium.php,https://images-of-elements.com/hafnium.jpg,originals/072_Hf_Hafnium.jpg,photos/072_Hf_Hafnium.png,specimen_photo,Hafnium,Chemical Elements — A Virtual Museum / images-of-elements.com,CC BY 3.0,1240,1240,https://creativecommons.org/licenses/by/3.0/,AI-assisted background replacement; requested light neutral gray #F3F4F4. Not pixel-preserving; consult original for scientific details.,9c2897e0d92e8b6ddbaa581283b821d276b34ef97eb48b17f15fc8917d1d5403,1254,1254,2026-09-05
73,Ta,Tantalum,transition metal,Solid,https://images-of-elements.com/tantalum.php,https://images-of-elements.com/tantalum.jpg,originals/073_Ta_Tantalum.jpg,photos/073_Ta_Tantalum.png,specimen_photo,Tantalum,Chemical Elements — A Virtual Museum / images-of-elements.com,CC BY 3.0,1132,1132,https://creativecommons.org/licenses/by/3.0/,AI-assisted background replacement; requested light neutral gray #F3F4F4. Not pixel-preserving; consult original for scientific details.,77adfbb31051ac8e28f78680da79859e14a409d95e1ce704cdd3602dadcc5567,1254,1254,2026-09-05
74,W,Tungsten,transition metal,Solid,https://images-of-elements.com/tungsten.php,https://images-of-elements.com/tungsten-rod.jpg,originals/074_W_Tungsten.jpg,photos/074_W_Tungsten.png,specimen_photo,Tungsten rod,Chemical Elements — A Virtual Museum / images-of-elements.com,CC BY 3.0,1160,1160,https://creativecommons.org/licenses/by/3.0/,AI-assisted background replacement; requested light neutral gray #F3F4F4. Not pixel-preserving; consult original for scientific details.,7bb3f02fd1ad84614b0052659857d91dc1019bccfda2a45fd91f21790eb37355,1254,1254,2026-09-05
75,Re,Rhenium,transition metal,Solid,https://images-of-elements.com/rhenium.php,https://images-of-elements.com/rhenium-3.jpg,originals/075_Re_Rhenium.jpg,photos/075_Re_Rhenium.png,specimen_photo,Rhenium,Chemical Elements — A Virtual Museum / images-of-elements.com,CC BY 3.0,676,676,https://creativecommons.org/licenses/by/3.0/,AI-assisted background replacement; requested light neutral gray #F3F4F4. Not pixel-preserving; consult original for scientific details.,fcf32e71909591a09d7ebe52a4f7344a47e66bc2c271ca2bdaee506ccde50c34,1254,1254,2026-09-05
76,Os,Osmium,transition metal,Solid,https://images-of-elements.com/osmium.php,https://images-of-elements.com/osmium.jpg,originals/076_Os_Osmium.jpg,photos/076_Os_Osmium.png,specimen_photo,Osmium ,Chemical Elements — A Virtual Museum / images-of-elements.com,CC BY 3.0,452,452,https://creativecommons.org/licenses/by/3.0/,AI-assisted background replacement; requested light neutral gray #F3F4F4. Not pixel-preserving; consult original for scientific details.,bbdecf95b634924fbd97769d2217f8fc559ac126a6137000c316ff82755a7824,1254,1254,2026-09-05
77,Ir,Iridium,transition metal,Solid,https://images-of-elements.com/iridium.php,https://images-of-elements.com/iridium.jpg,originals/077_Ir_Iridium.jpg,photos/077_Ir_Iridium.png,specimen_photo,Iridium,Chemical Elements — A Virtual Museum / images-of-elements.com,CC BY 3.0,778,778,https://creativecommons.org/licenses/by/3.0/,AI-assisted background replacement; requested light neutral gray #F3F4F4. Not pixel-preserving; consult original for scientific details.,572303ee214a9087a42fc239edf4970da2fc1698270fb32c4b88e8227444c1bf,1254,1254,2026-09-05
78,Pt,Platinum,transition metal,Solid,https://images-of-elements.com/platinum.php,https://images-of-elements.com/platinum.jpg,originals/078_Pt_Platinum.jpg,photos/078_Pt_Platinum.png,specimen_photo,Platinum,Chemical Elements — A Virtual Museum / images-of-elements.com,CC BY 3.0,752,752,https://creativecommons.org/licenses/by/3.0/,AI-assisted background replacement; requested light neutral gray #F3F4F4. Not pixel-preserving; consult original for scientific details.,11a8db874706f8fb71b323d57fdb5c43dd445cc0e9905f406df59d31f65e5bac,1254,1254,2026-09-05
79,Au,Gold,transition metal,Solid,https://images-of-elements.com/gold.php,https://images-of-elements.com/gold.jpg,originals/079_Au_Gold.jpg,photos/079_Au_Gold.png,specimen_photo,Gold leaves,Chemical Elements — A Virtual Museum / images-of-elements.com,CC BY 3.0,1380,1380,https://creativecommons.org/licenses/by/3.0/,AI-assisted background replacement; requested light neutral gray #F3F4F4. Not pixel-preserving; consult original for scientific details.,e18a47a87de0baf891d1385f94e09560cee335973b87e3b094c1ad94489be4c7,1254,1254,2026-09-05
80,Hg,Mercury,transition metal,Liquid,https://images-of-elements.com/mercury.php,https://images-of-elements.com/hydrargyrum.jpg,originals/080_Hg_Mercury.jpg,photos/080_Hg_Mercury.png,specimen_photo,Mercury,Chemical Elements — A Virtual Museum / images-of-elements.com,CC BY 3.0,800,800,https://creativecommons.org/licenses/by/3.0/,AI-assisted background replacement; requested light neutral gray #F3F4F4. Not pixel-preserving; consult original for scientific details.,44d56a2076deb7a89f12f1e1d47b69f3c6aa22d67d96f2086c0c760a5ee0c1ec,1254,1254,2026-09-05
81,Tl,Thallium,post-transition metal,Solid,https://images-of-elements.com/thallium.php,https://images-of-elements.com/thallium.jpg,originals/081_Tl_Thallium.jpg,photos/081_Tl_Thallium.png,specimen_photo,Thallium,Chemical Elements — A Virtual Museum / images-of-elements.com,CC BY 3.0,800,800,https://creativecommons.org/licenses/by/3.0/,AI-assisted background replacement; requested light neutral gray #F3F4F4. Not pixel-preserving; consult original for scientific details.,96af7cedacb3efec7171917b1bfb0539647f703c7306e09c9e634ac4a8627eb5,1254,1254,2026-09-05
82,Pb,Lead,post-transition metal,Solid,https://images-of-elements.com/lead.php,https://images-of-elements.com/lead.jpg,originals/082_Pb_Lead.jpg,photos/082_Pb_Lead.png,specimen_photo,Lead bead,Chemical Elements — A Virtual Museum / images-of-elements.com,CC BY 3.0,1076,1076,https://creativecommons.org/licenses/by/3.0/,AI-assisted background replacement; requested light neutral gray #F3F4F4. Not pixel-preserving; consult original for scientific details.,57c0d09e47d8ed34beda7cf1860dd9e7e496de78aaf3d1e478fbed557c8c1e20,1254,1254,2026-09-05
83,Bi,Bismuth,post-transition metal,Solid,https://images-of-elements.com/bismuth.php,https://images-of-elements.com/bismuth.jpg,originals/083_Bi_Bismuth.jpg,photos/083_Bi_Bismuth.png,specimen_photo,Bismuth,Chemical Elements — A Virtual Museum / images-of-elements.com,CC BY 3.0,1059,1059,https://creativecommons.org/licenses/by/3.0/,AI-assisted background replacement; requested light neutral gray #F3F4F4. Not pixel-preserving; consult original for scientific details.,6e89f80e44a6aa67f6cb7eb861316fdffd0c300b2f68246e52f2838ee64ec33a,1254,1254,2026-09-05
84,Po,Polonium,post-transition metal,Solid,https://images-of-elements.com/polonium.php,,,,no_sample_photo,No verified macroscopic sample photo included; source illustration or historical proxy excluded.,,,0,0,,,,0,0,2026-09-05
85,At,Astatine,metalloid,Solid,https://images-of-elements.com/astatine.php,,,,no_sample_photo,No verified macroscopic sample photo included; source illustration or historical proxy excluded.,,,0,0,,,,0,0,2026-09-05
86,Rn,Radon,noble gas,Gas,https://images-of-elements.com/radon.php,,,,no_sample_photo,No verified macroscopic sample photo included; source illustration or historical proxy excluded.,,,0,0,,,,0,0,2026-09-05
87,Fr,Francium,alkali metal,Solid,https://images-of-elements.com/francium.php,,,,no_sample_photo,No verified macroscopic sample photo included; source illustration or historical proxy excluded.,,,0,0,,,,0,0,2026-09-05
88,Ra,Radium,alkaline earth metal,Solid,https://images-of-elements.com/radium.php,,,,no_sample_photo,"Source shows a compound or application, not a visible elemental specimen; excluded.",,,0,0,,,,0,0,2026-09-05
89,Ac,Actinium,actinide,Solid,https://www.ornl.gov/content/ised-media-library,https://www.ornl.gov/sites/default/files/2021-03/ac225vial.jpg,originals/089_Ac_Actinium.jpg,photos/089_Ac_Actinium.png,radioisotope_sample_photo,Actinium-225 sample in a vial. The surrounding medium glows under radiation; this is not a macroscopic piece of actinium metal.,Oak Ridge National Laboratory / U.S. Department of Energy,CC BY 2.0,2400,3000,https://creativecommons.org/licenses/by/2.0/,AI-assisted background replacement; requested light neutral gray #F3F4F4. Not pixel-preserving; consult original for scientific details.,6c4ad87e1cc582862b0f0d3b6218ef2b2ff0d6a34af97c31974ebfdd5cb00412,1254,1254,2026-09-05
90,Th,Thorium,actinide,Solid,https://woelen.homescience.net/science/chem/compounds/thorium.html,https://woelen.homescience.net/science/chem/compounds/thorium.jpg,originals/090_Th_Thorium.jpg,photos/090_Th_Thorium.png,specimen_photo,Corroded thorium metal in a sealed glass ampoule.,W. Oelen,CC BY-SA 3.0,750,500,https://creativecommons.org/licenses/by-sa/3.0/,AI-assisted background replacement; requested light neutral gray #F3F4F4. Not pixel-preserving; consult original for scientific details.,581fc253d989abc96416997ddb6ea0632a84357a74f8aa95caafc96f06f381ac,1254,1254,2026-09-05
91,Pa,Protactinium,actinide,Solid,https://images-of-elements.com/protactinium.php,https://images-of-elements.com/s/protactinium-231.jpg,originals/091_Pa_Protactinium.jpg,photos/091_Pa_Protactinium.png,archival_specimen_photo,Archival photograph of a protactinium crystal; strong source lighting color cast.,"© European Union — The Actinide Group, Institute for Transuranium Elements (JRC-ITU); reproduced by Chemical Elements — A Virtual Museum",EU copyright; no image-specific Creative Commons license stated on source,400,400,,AI-assisted background replacement; requested light neutral gray #F3F4F4. Not pixel-preserving; consult original for scientific details.,63a72eb10d80e835da48b98562f0c8c48d9ccba9698a8dd94b208f827073387f,1254,1254,2026-09-05
92,U,Uranium,actinide,Solid,https://images-of-elements.com/uranium.php,https://images-of-elements.com/s/uranium.jpg,originals/092_U_Uranium.jpg,photos/092_U_Uranium.png,specimen_photo,"Depleted uranium metal specimen, showing surface oxidation.",Public-domain photo reproduced by Chemical Elements — A Virtual Museum,Public domain,400,400,,AI-assisted background replacement; requested light neutral gray #F3F4F4. Not pixel-preserving; consult original for scientific details.,6a9b49985b28456c324f357e24a5aecddbc875c923db6f11aee37dded72c9172,1254,1254,2026-09-05
93,Np,Neptunium,actinide,Solid,https://images-of-elements.com/neptunium.php,https://images-of-elements.com/s/neptunium.jpg,originals/093_Np_Neptunium.jpg,photos/093_Np_Neptunium.png,specimen_photo,"Neptunium-237 metal sphere in laboratory apparatus, approximately 6 kg.","Los Alamos National Laboratory, 2002; public-domain photo",Public domain,400,400,,AI-assisted background replacement; requested light neutral gray #F3F4F4. Not pixel-preserving; consult original for scientific details.,25b0644ce5b9dde67076c21421506bdd0030f35956c8d057eeff01529cddc3e0,1254,1254,2026-09-05
94,Pu,Plutonium,actinide,Solid,https://images-of-elements.com/plutonium.php,https://images-of-elements.com/s/plutonium.jpg,originals/094_Pu_Plutonium.jpg,photos/094_Pu_Plutonium.png,specimen_photo,Historical black-and-white photograph of plutonium specimens beside a ruler.,"U.S. Department of Energy, 1945; public-domain photo",Public domain,400,400,,AI-assisted background replacement; requested light neutral gray #F3F4F4. Not pixel-preserving; consult original for scientific details.,7b38b117743c1f1467672839b243498348d80d13f2359892a5c624d0954d20d1,1254,1254,2026-09-05
95,Am,Americium,actinide,Solid,https://images-of-elements.com/americium.php,https://images-of-elements.com/s/americium.jpg,originals/095_Am_Americium.jpg,photos/095_Am_Americium.png,specimen_photo,Americium-241 source disc under magnification.,Bionerd; reproduced by Chemical Elements — A Virtual Museum,CC BY 3.0,400,400,https://creativecommons.org/licenses/by/3.0/,AI-assisted background replacement; requested light neutral gray #F3F4F4. Not pixel-preserving; consult original for scientific details.,524ce95944f88afe2197cbcafa1e623f7d2ba06156bfca6c35be4c994b1ee678,1254,1254,2026-09-05
96,Cm,Curium,actinide,Solid,https://images-of-elements.com/curium.php,https://images-of-elements.com/s/curium-glow.jpg,originals/096_Cm_Curium.jpg,photos/096_Cm_Curium.png,archival_specimen_photo,Low-resolution archival photograph of emission from a curium sample. Fine surface detail is not resolved.,"© European Union — The Actinide Group, Institute for Transuranium Elements (JRC-ITU); reproduced by Chemical Elements — A Virtual Museum",EU copyright; no image-specific Creative Commons license stated on source,400,400,,AI-assisted background replacement; requested light neutral gray #F3F4F4. Not pixel-preserving; consult original for scientific details.,4eac35f2f7e3076f9bb780d1aa76eabfc20943e40bbb0b206ede07b37b02587a,1254,1254,2026-09-05
97,Bk,Berkelium,actinide,Solid,https://images-of-elements.com/berkelium.php,https://images-of-elements.com/s/berkelium-ornl.jpg,originals/097_Bk_Berkelium.jpg,photos/097_Bk_Berkelium.png,compound_solution_photo,Berkelium-containing solution; not visible pure berkelium metal.,Oak Ridge National Laboratory / U.S. Department of Energy,Public domain,400,400,,AI-assisted background replacement; requested light neutral gray #F3F4F4. Not pixel-preserving; consult original for scientific details.,66ca92fa0a7a7a1a13e96e08f0cbf066d6f287f9e10d011cc9a1951d00970afd,1254,1254,2026-09-05
98,Cf,Californium,actinide,Solid,https://images-of-elements.com/californium.php,https://images-of-elements.com/s/californium-disc.jpg,originals/098_Cf_Californium.jpg,photos/098_Cf_Californium.png,specimen_photo,Microscopic californium metal disc; low-resolution historical source.,"United States Department of Energy (see File:Einsteinium.jpg), Public domain, via Wikimedia Commons",Public domain,400,400,,AI-assisted background replacement; requested light neutral gray #F3F4F4. Not pixel-preserving; consult original for scientific details.,e8dd9dde7b56a56c61a3ef718a0edbac0eab5af00fe384b6bf0d1dfead51cc03,1254,1254,2026-09-05
99,Es,Einsteinium,actinide,Solid,https://images-of-elements.com/einsteinium.php,https://images-of-elements.com/s/einsteinium-253.jpg,originals/099_Es_Einsteinium.jpg,photos/099_Es_Einsteinium.png,specimen_photo,Microscopic einsteinium sample photographed by its emission; not a macroscopic metal chunk.,"Haire, R. G., US Department of Energy.Touched up by Materialscientist at en.wikipedia., Public domain, via Wikimedia Commons",Public domain,400,400,,AI-assisted background replacement; requested light neutral gray #F3F4F4. Not pixel-preserving; consult original for scientific details.,47fe3ed4dd472a4efb6c949400b4894af8fcfa08181e16151bd0b5344dafdbe1,1254,1254,2026-09-05
100,Fm,Fermium,actinide,Solid,https://images-of-elements.com/fermium.php,,,,no_sample_photo,No verified macroscopic sample photo included; source illustration or historical proxy excluded.,,,0,0,,,,0,0,2026-09-05
101,Md,Mendelevium,actinide,Solid,https://images-of-elements.com/mendelevium.php,,,,no_sample_photo,No verified macroscopic sample photo included; source illustration or historical proxy excluded.,,,0,0,,,,0,0,2026-09-05
102,No,Nobelium,actinide,Solid,https://images-of-elements.com/nobelium.php,,,,no_sample_photo,No verified macroscopic sample photo included; source illustration or historical proxy excluded.,,,0,0,,,,0,0,2026-09-05
103,Lr,Lawrencium,actinide,Solid,https://images-of-elements.com/lawrencium.php,,,,no_sample_photo,No verified macroscopic sample photo included; source illustration or historical proxy excluded.,,,0,0,,,,0,0,2026-09-05
104,Rf,Rutherfordium,transition metal,Solid,https://images-of-elements.com/rutherfordium.php,,,,no_sample_photo,No verified macroscopic sample photo included; source illustration or historical proxy excluded.,,,0,0,,,,0,0,2026-09-05
105,Db,Dubnium,transition metal,Solid,https://images-of-elements.com/dubnium.php,,,,no_sample_photo,No verified macroscopic sample photo included; source illustration or historical proxy excluded.,,,0,0,,,,0,0,2026-09-05
106,Sg,Seaborgium,transition metal,Solid,https://images-of-elements.com/seaborgium.php,,,,no_sample_photo,No verified macroscopic sample photo included; source illustration or historical proxy excluded.,,,0,0,,,,0,0,2026-09-05
107,Bh,Bohrium,transition metal,Solid,https://images-of-elements.com/bohrium.php,,,,no_sample_photo,No verified macroscopic sample photo included; source illustration or historical proxy excluded.,,,0,0,,,,0,0,2026-09-05
108,Hs,Hassium,transition metal,Solid,https://images-of-elements.com/hassium.php,,,,no_sample_photo,No verified macroscopic sample photo included; source illustration or historical proxy excluded.,,,0,0,,,,0,0,2026-09-05
109,Mt,Meitnerium,"unknown, probably transition metal",Solid,https://images-of-elements.com/meitnerium.php,,,,no_sample_photo,No verified macroscopic sample photo included; source illustration or historical proxy excluded.,,,0,0,,,,0,0,2026-09-05
110,Ds,Darmstadtium,"unknown, probably transition metal",Solid,https://images-of-elements.com/darmstadtium.php,,,,no_sample_photo,No verified macroscopic sample photo included; source illustration or historical proxy excluded.,,,0,0,,,,0,0,2026-09-05
111,Rg,Roentgenium,"unknown, probably transition metal",Solid,https://images-of-elements.com/roentgenium.php,,,,no_sample_photo,No verified macroscopic sample photo included; source illustration or historical proxy excluded.,,,0,0,,,,0,0,2026-09-05
112,Cn,Copernicium,transition metal,Liquid,https://images-of-elements.com/copernicium.php,,,,no_sample_photo,No verified macroscopic sample photo included; source illustration or historical proxy excluded.,,,0,0,,,,0,0,2026-09-05
113,Nh,Nihonium,"unknown, probably transition metal",Solid,https://images-of-elements.com/nihonium.php,,,,no_sample_photo,No verified macroscopic sample photo included; source illustration or historical proxy excluded.,,,0,0,,,,0,0,2026-09-05
114,Fl,Flerovium,post-transition metal,Solid,https://images-of-elements.com/flerovium.php,,,,no_sample_photo,No verified macroscopic sample photo included; source illustration or historical proxy excluded.,,,0,0,,,,0,0,2026-09-05
115,Mc,Moscovium,"unknown, probably post-transition metal",Solid,https://images-of-elements.com/moscovium.php,,,,no_sample_photo,No verified macroscopic sample photo included; source illustration or historical proxy excluded.,,,0,0,,,,0,0,2026-09-05
116,Lv,Livermorium,"unknown, probably post-transition metal",Solid,https://images-of-elements.com/livermorium.php,,,,no_sample_photo,No verified macroscopic sample photo included; source illustration or historical proxy excluded.,,,0,0,,,,0,0,2026-09-05
117,Ts,Tennessine,"unknown, probably metalloid",Solid,https://images-of-elements.com/tennessine.php,,,,no_sample_photo,Source page could not be retrieved.,,,0,0,,,,0,0,2026-09-05
118,Og,Oganesson,"unknown, predicted to be noble gas",Solid,https://images-of-elements.com/oganesson.php,,,,no_sample_photo,No verified macroscopic sample photo included; source illustration or historical proxy excluded.,,,0,0,,,,0,0,2026-09-05
